handle,title,id
nutty-by-nature-overload-bar,Nutty By Nature Overload Bar,"43179158700106,43179158732874,43179158765642"
peanut-butter-jelly-crispy-hero-protein-bars,Peanut Butter & Jelly Crispy Hero Protein Bars,"43440827760714,42086878773322,42293093367882"
cinnamon-brown-sugar-stacks-bars,Cinnamon Brown Sugar Stacks Bars,"43179158995018,43179159027786,43179159060554"
chocolate-chip-cookie-dough-protein-bar,Chocolate Chip Cookie Dough Protein Bars,"40192020152394,40192020119626,40192020185162"
brownie-a-la-mode-stacks-bars,Brownie a la Mode Stacks Bars,"43179158896714,43179158929482,43179158962250"
oatmeal-chocolate-chip-protein-bar,Oatmeal Chocolate Chip Protein Bars,"40192020906058,40192020873290,40192020938826"
salted-caramel-stacks-bars,Salted Caramel Stacks Bars,"43179158798410,43179158831178,43179158863946"
double-chocolate-chunk-protein-bar,Double Chocolate Chunk Protein Bars,"40250615464010,40250615398474,40250615431242"
fruity-cereal-crispy-hero-protein-bars,Fruity Cereal Crispy Hero Protein Bars,"43440827859018,43179158634570,43179158667338"
cookie-commotion-overload-bar,Cookie Commotion Overload Bar,"43284182335562,41774350303306,41774350336074"
chocolate-peanut-butter-protein-bar,Chocolate Peanut Butter Protein Bar,"40192020381770,40192020349002,40192020414538"
chocolate-explosion-overload-bar,Chocolate Explosion Overload Bar,"43284182368330,41774350368842,41774350401610"
cookies-cream-protein-bar,Cookies & Cream Protein Bars,"40192020578378,40192020545610,40192020611146"
sundae-funday-overload-bar,Sundae Funday Overload Bar,"43284203339850,41774350434378,41774350467146"
white-chocolate-raspberry-protein-bar,White Chocolate Raspberry Protein Bars,"40192021528650,40192021495882,40192021561418"
lemon-cake-protein-bar,Lemon Cake Protein Bars,"40192020676682,40192020643914,40192020709450"
smores-protein-bar,S'Mores Protein Bars,"40192021135434,40192021102666,40192021168202"
blueberry-muffin-protein-bar,Blueberry Muffin Protein Bars,"40237238190154,40237238157386,40237238222922"
chocolate-brownie-protein-bar,Chocolate Brownie Protein Bars,"40192020250698,40192020217930,40192020283466"
chocolate-peanut-butter-hero-bar,Chocolate Peanut Butter Crispy Hero Protein Bars,"43638596108362,40192022773834,40192022806602"
mint-chocolate-chunk-protein-bar,Mint Chocolate Chunk Protein Bars,"40192020774986,40192020742218,40262982303818"
chocolate-caramel-pecan-hero-bar,Chocolate Caramel Pecan Crispy Hero Protein Bars,"43440827564106,40192022511690,40192022544458"
apple-pie-protein-bars,Apple Pie Protein Bars,"41473553236042,40563594920010,40574432051274"
birthday-cake-protein-bar,Birthday Cake Protein Bars,"40237238026314,40237237960778,40237237993546"
dipped-cookies-and-cream-protein-bar,Dipped Cookies & Cream Protein Bars,"40278788276298,40278788309066,40281223594058"
cookies-cream-hero-bar,Cookies & Cream Crispy Hero Protein Bars,"43440827596874,40192023134282,40192023167050"
mini-chocolate-chip-cookie-dough-protein-bar,Mini Chocolate Chip Cookie Dough Protein Bars,"39673285640266,40192026411082"
blueberry-cobbler-hero-bar,Blueberry Cobbler Crispy Hero Protein Bars,"43440827629642,40237238288458,40237238321226"
protein-bar-variety-pack,Protein Bar Variety Pack,40342385918026
strawberry-shortcake-protein-bar,Strawberry Shortcake Protein Bar,"41774350598218,41774350532682,41774350565450"
